<?xml version="1.0" encoding="ISO-8859-1"?>
<metadata><idinfo><citation><citeinfo><origin>U.S. Department of Agriculture, Natural Resources
Conservation Service</origin><pubdate>20050715</pubdate><title>Connecticut Soils</title><pubinfo><pubplace>Fort Worth, Texas</pubplace><publish>
U.S. Department of Agriculture, Natural Resources
Conservation Service
</publish></pubinfo><othercit>ct600</othercit><onlink>URL:http://SoilDataMart.nrcs.usda.gov/</onlink><ftname Sync="TRUE">middlesexsoils</ftname><geoform Sync="TRUE">vector digital data</geoform></citeinfo></citation><descript><abstract>
This data set is a digital soil survey and generally is the most
detailed level of soil geographic data developed by the National
Cooperative Soil Survey. The information was prepared by digitizing
maps, by compiling information onto a planimetric correct base
and digitizing, or by revising digitized maps using remotely
sensed and other information.

This data set consists of georeferenced digital map data and
computerized attribute data. The map data are in a soil survey area
extent format and include a detailed, field verified inventory
of soils and miscellaneous areas that normally occur in a repeatable
pattern on the landscape and that can be cartographically shown at
the scale mapped. A special soil features layer (point and line
features) is optional. This layer displays the location of features
too small to delineate at the mapping scale, but they are large
enough and contrasting enough to significantly influence use and
management. The soil map units are linked to attributes in the
National Soil Information System relational database, which gives
the proportionate extent of the component soils and their properties.
</abstract><purpose>
SSURGO depicts information about the kinds and distribution of
soils on the landscape. The soil map and data used in the SSURGO
product were prepared by soil scientists as part of the National
Cooperative Soil Survey.
</purpose><supplinf>
Digital versions of hydrography, cultural features, and other
associated layers that are not part of the SSURGO data set may be
available from the primary organization listed in the Point of
Contact.
</supplinf><langdata Sync="TRUE">en</langdata></descript><timeperd><timeinfo><rngdates><begdate>20000602</begdate><enddate>20050715</enddate></rngdates></timeinfo><current>publication date</current></timeperd><status><progress>Complete</progress><update>As needed</update></status><spdom><bounding><westbc Sync="TRUE">-72.753028</westbc><eastbc Sync="TRUE">-72.304081</eastbc><northbc Sync="TRUE">41.647447</northbc><southbc Sync="TRUE">41.254182</southbc></bounding><lboundng><leftbc Sync="TRUE">999172.312429</leftbc><rightbc Sync="TRUE">1121875.625090</rightbc><bottombc Sync="TRUE">653653.062554</bottombc><topbc Sync="TRUE">796635.437455</topbc></lboundng></spdom><keywords><theme><themekt>None</themekt><themekey>soil survey</themekey><themekey>soils</themekey><themekey>Soil Survey Geographic</themekey><themekey>SSURGO</themekey></theme><place><placekt>USGS Geographic Names Information System (GNIS)</placekt><placekey>Connecticut</placekey><placekey>Fairfield County</placekey><placekey>Hartford County</placekey><placekey>Litchfield County</placekey><placekey>Middlesex County</placekey><placekey>New Haven County</placekey><placekey>New London County</placekey><placekey>Tolland County</placekey><placekey>Windham County</placekey><placekey>ALL WATER Quadrangle</placekey><placekey>ALL WATER Quadrangle</placekey><placekey>ALL WATER Quadrangle</placekey><placekey>ALL WATER Quadrangle</placekey><placekey>ALL WATER Quadrangle</placekey><placekey>ALL WATER Quadrangle</placekey><placekey>ALL WATER Quadrangle</placekey><placekey>Amenia NE Quadrangle</placekey><placekey>Amenia SE Quadrangle</placekey><placekey>Ansonia NE Quadrangle</placekey><placekey>Ansonia NW Quadrangle</placekey><placekey>Ansonia SE Quadrangle</placekey><placekey>Ansonia SW Quadrangle</placekey><placekey>Ashaway NE Quadrangle</placekey><placekey>Ashaway NW Quadrangle</placekey><placekey>Ashaway SE Quadrangle</placekey><placekey>Ashaway SW Quadrangle</placekey><placekey>Ashley Falls SE Quadrangle</placekey><placekey>Ashley Falls SW Quadrangle</placekey><placekey>Avon NE Quadrangle</placekey><placekey>Avon NW Quadrangle</placekey><placekey>Avon SE Quadrangle</placekey><placekey>Avon SW Quadrangle</placekey><placekey>Bash Bish Falls SE Quadrangle</placekey><placekey>Bash Bish Falls SW Quadrangle</placekey><placekey>Bayville NW Quadrangle</placekey><placekey>Bethel NE Quadrangle</placekey><placekey>Bethel NW Quadrangle</placekey><placekey>Bethel SE Quadrangle</placekey><placekey>Bethel SW Quadrangle</placekey><placekey>Botsford NE Quadrangle</placekey><placekey>Botsford NW Quadrangle</placekey><placekey>Botsford SE Quadrangle</placekey><placekey>Botsford SW Quadrangle</placekey><placekey>Branford NE Quadrangle</placekey><placekey>Branford NW Quadrangle</placekey><placekey>Branford SE Quadrangle</placekey><placekey>Branford SE OE S Quadrangle</placekey><placekey>Branford SW Quadrangle</placekey><placekey>Branford SW OE S Quadrangle</placekey><placekey>Brewster NE Quadrangle</placekey><placekey>Brewster SE Quadrangle</placekey><placekey>Bridgeport NE Quadrangle</placekey><placekey>Bridgeport NW Quadrangle</placekey><placekey>Bridgeport SE Quadrangle</placekey><placekey>Bridgeport SW Quadrangle</placekey><placekey>Bristol NE Quadrangle</placekey><placekey>Bristol NW Quadrangle</placekey><placekey>Bristol SE Quadrangle</placekey><placekey>Bristol SW Quadrangle</placekey><placekey>Broad Brook NE Quadrangle</placekey><placekey>Broad Brook NW Quadrangle</placekey><placekey>Broad Brook SE Quadrangle</placekey><placekey>Broad Brook SW Quadrangle</placekey><placekey>Clinton NE Quadrangle</placekey><placekey>Clinton NW Quadrangle</placekey><placekey>Clinton SE Quadrangle</placekey><placekey>Clinton SE OE S Quadrangle</placekey><placekey>Clinton SW Quadrangle</placekey><placekey>Colchester NE Quadrangle</placekey><placekey>Colchester NW Quadrangle</placekey><placekey>Colchester SE Quadrangle</placekey><placekey>Colchester SW Quadrangle</placekey><placekey>Collinsville NE Quadrangle</placekey><placekey>Collinsville NW Quadrangle</placekey><placekey>Collinsville SE Quadrangle</placekey><placekey>Collinsville SW Quadrangle</placekey><placekey>Columbia NE Quadrangle</placekey><placekey>Columbia NW Quadrangle</placekey><placekey>Columbia SE Quadrangle</placekey><placekey>Columbia SW Quadrangle</placekey><placekey>Cornwall NE Quadrangle</placekey><placekey>Cornwall NW Quadrangle</placekey><placekey>Cornwall SE Quadrangle</placekey><placekey>Cornwall SW Quadrangle</placekey><placekey>Coventry NE Quadrangle</placekey><placekey>Coventry NW Quadrangle</placekey><placekey>Coventry SE Quadrangle</placekey><placekey>Coventry SW Quadrangle</placekey><placekey>Danbury NE Quadrangle</placekey><placekey>Danbury NW Quadrangle</placekey><placekey>Danbury SE Quadrangle</placekey><placekey>Danbury SW Quadrangle</placekey><placekey>Danielson NE Quadrangle</placekey><placekey>Danielson NW Quadrangle</placekey><placekey>Danielson SE Quadrangle</placekey><placekey>Danielson SW Quadrangle</placekey><placekey>Deep River NE Quadrangle</placekey><placekey>Deep River NW Quadrangle</placekey><placekey>Deep River SE Quadrangle</placekey><placekey>Deep River SW Quadrangle</placekey><placekey>Dover Plains NE Quadrangle</placekey><placekey>Dover Plains SE Quadrangle</placekey><placekey>Durham NE Quadrangle</placekey><placekey>Durham NW Quadrangle</placekey><placekey>Durham SE Quadrangle</placekey><placekey>Durham SW Quadrangle</placekey><placekey>East Killingly NE Quadrangle</placekey><placekey>East Killingly NW Quadrangle</placekey><placekey>East Killingly SE Quadrangle</placekey><placekey>East Killingly SW Quadrangle</placekey><placekey>Eastford NE Quadrangle</placekey><placekey>Eastford NW Quadrangle</placekey><placekey>Eastford SE Quadrangle</placekey><placekey>Eastford SW Quadrangle</placekey><placekey>Ellington NE Quadrangle</placekey><placekey>Ellington NW Quadrangle</placekey><placekey>Ellington SE Quadrangle</placekey><placekey>Ellington SW Quadrangle</placekey><placekey>Ellsworth NE Quadrangle</placekey><placekey>Ellsworth NW Quadrangle</placekey><placekey>Ellsworth SE Quadrangle</placekey><placekey>Ellsworth SW Quadrangle</placekey><placekey>Essex NE Quadrangle</placekey><placekey>Essex NW Quadrangle</placekey><placekey>Essex SE Quadrangle</placekey><placekey>Essex SW Quadrangle</placekey><placekey>Fitchville NE Quadrangle</placekey><placekey>Fitchville NW Quadrangle</placekey><placekey>Fitchville SE Quadrangle</placekey><placekey>Fitchville SW Quadrangle</placekey><placekey>Glastonbury NE Quadrangle</placekey><placekey>Glastonbury NW Quadrangle</placekey><placekey>Glastonbury SE Quadrangle</placekey><placekey>Glastonbury SW Quadrangle</placekey><placekey>Glenville NE Quadrangle</placekey><placekey>Glenville NW Quadrangle</placekey><placekey>Glenville SE Quadrangle</placekey><placekey>Glenville SW Quadrangle</placekey><placekey>Guilford NE Quadrangle</placekey><placekey>Guilford NW Quadrangle</placekey><placekey>Guilford SE Quadrangle</placekey><placekey>Guilford SE OE S Quadrangle</placekey><placekey>Guilford SW Quadrangle</placekey><placekey>Guilford SW OE S Quadrangle</placekey><placekey>Haddam NE Quadrangle</placekey><placekey>Haddam NW Quadrangle</placekey><placekey>Haddam SE Quadrangle</placekey><placekey>Haddam SW Quadrangle</placekey><placekey>Hamburg NE Quadrangle</placekey><placekey>Hamburg NW Quadrangle</placekey><placekey>Hamburg SE Quadrangle</placekey><placekey>Hamburg SW Quadrangle</placekey><placekey>Hampden SE Quadrangle</placekey><placekey>Hampden SW Quadrangle</placekey><placekey>Hampton NE Quadrangle</placekey><placekey>Hampton NW Quadrangle</placekey><placekey>Hampton SE Quadrangle</placekey><placekey>Hampton SW Quadrangle</placekey><placekey>Hartford North NE Quadrangle</placekey><placekey>Hartford North NW Quadrangle</placekey><placekey>Hartford North SE Quadrangle</placekey><placekey>Hartford North SW Quadrangle</placekey><placekey>Hartford South NE Quadrangle</placekey><placekey>Hartford South NW Quadrangle</placekey><placekey>Hartford South SE Quadrangle</placekey><placekey>Hartford South SW Quadrangle</placekey><placekey>Jewett City NE Quadrangle</placekey><placekey>Jewett City NW Quadrangle</placekey><placekey>Jewett City SE Quadrangle</placekey><placekey>Jewett City SW Quadrangle</placekey><placekey>Kent NE Quadrangle</placekey><placekey>Kent NW Quadrangle</placekey><placekey>Kent SE Quadrangle</placekey><placekey>Kent SW Quadrangle</placekey><placekey>Litchfield NE Quadrangle</placekey><placekey>Litchfield NW Quadrangle</placekey><placekey>Litchfield SE Quadrangle</placekey><placekey>Litchfield SW Quadrangle</placekey><placekey>Long Hill NE Quadrangle</placekey><placekey>Long Hill NW Quadrangle</placekey><placekey>Long Hill SE Quadrangle</placekey><placekey>Long Hill SW Quadrangle</placekey><placekey>Mamaroneck NE Quadrangle</placekey><placekey>Manchester NE Quadrangle</placekey><placekey>Manchester NW Quadrangle</placekey><placekey>Manchester SE Quadrangle</placekey><placekey>Manchester SW Quadrangle</placekey><placekey>Marlborough NE Quadrangle</placekey><placekey>Marlborough NW Quadrangle</placekey><placekey>Marlborough SE Quadrangle</placekey><placekey>Marlborough SW Quadrangle</placekey><placekey>Meriden NE Quadrangle</placekey><placekey>Meriden NW Quadrangle</placekey><placekey>Meriden SE Quadrangle</placekey><placekey>Meriden SW Quadrangle</placekey><placekey>Middle Haddam NE Quadrangle</placekey><placekey>Middle Haddam NW Quadrangle</placekey><placekey>Middle Haddam SE Quadrangle</placekey><placekey>Middle Haddam SW Quadrangle</placekey><placekey>Middletown NE Quadrangle</placekey><placekey>Middletown NW Quadrangle</placekey><placekey>Middletown SE Quadrangle</placekey><placekey>Middletown SW Quadrangle</placekey><placekey>Milford NE Quadrangle</placekey><placekey>Milford NW Quadrangle</placekey><placekey>Milford SE Quadrangle</placekey><placekey>Milford SW Quadrangle</placekey><placekey>Millerton SE Quadrangle</placekey><placekey>Monson SE Quadrangle</placekey><placekey>Monson SW Quadrangle</placekey><placekey>Montville NE Quadrangle</placekey><placekey>Montville NW Quadrangle</placekey><placekey>Montville SE Quadrangle</placekey><placekey>Montville SW Quadrangle</placekey><placekey>Moodus NE Quadrangle</placekey><placekey>Moodus NW Quadrangle</placekey><placekey>Moodus SE Quadrangle</placekey><placekey>Moodus SW Quadrangle</placekey><placekey>Mount Carmel NE Quadrangle</placekey><placekey>Mount Carmel NW Quadrangle</placekey><placekey>Mount Carmel SE Quadrangle</placekey><placekey>Mount Carmel SW Quadrangle</placekey><placekey>Mount Kisco SE Quadrangle</placekey><placekey>Mystic NE Quadrangle</placekey><placekey>Mystic NW Quadrangle</placekey><placekey>Mystic SE Quadrangle</placekey><placekey>Mystic SW Quadrangle</placekey><placekey>Naugatuck NE Quadrangle</placekey><placekey>Naugatuck NW Quadrangle</placekey><placekey>Naugatuck SE Quadrangle</placekey><placekey>Naugatuck SW Quadrangle</placekey><placekey>New Britain NE Quadrangle</placekey><placekey>New Britain NW Quadrangle</placekey><placekey>New Britain SE Quadrangle</placekey><placekey>New Britain SW Quadrangle</placekey><placekey>New Hartford NE Quadrangle</placekey><placekey>New Hartford NW Quadrangle</placekey><placekey>New Hartford SE Quadrangle</placekey><placekey>New Hartford SW Quadrangle</placekey><placekey>New Haven NE Quadrangle</placekey><placekey>New Haven NW Quadrangle</placekey><placekey>New Haven SE Quadrangle</placekey><placekey>New Haven SW Quadrangle</placekey><placekey>New London NE Quadrangle</placekey><placekey>New London NW Quadrangle</placekey><placekey>New London SE Quadrangle</placekey><placekey>New London SW Quadrangle</placekey><placekey>New Milford NE Quadrangle</placekey><placekey>New Milford NW Quadrangle</placekey><placekey>New Milford SE Quadrangle</placekey><placekey>New Milford SW Quadrangle</placekey><placekey>New Preston NE Quadrangle</placekey><placekey>New Preston NW Quadrangle</placekey><placekey>New Preston SE Quadrangle</placekey><placekey>New Preston SW Quadrangle</placekey><placekey>Newtown NE Quadrangle</placekey><placekey>Newtown NW Quadrangle</placekey><placekey>Newtown SE Quadrangle</placekey><placekey>Newtown SW Quadrangle</placekey><placekey>Niantic NE Quadrangle</placekey><placekey>Niantic NW Quadrangle</placekey><placekey>Niantic SE Quadrangle</placekey><placekey>Niantic SW Quadrangle</placekey><placekey>Norfolk NE Quadrangle</placekey><placekey>Norfolk NW Quadrangle</placekey><placekey>Norfolk SE Quadrangle</placekey><placekey>Norfolk SW Quadrangle</placekey><placekey>Norwalk North NE Quadrangle</placekey><placekey>Norwalk North NW Quadrangle</placekey><placekey>Norwalk North SE Quadrangle</placekey><placekey>Norwalk North SW Quadrangle</placekey><placekey>Norwalk South NE Quadrangle</placekey><placekey>Norwalk South NW Quadrangle</placekey><placekey>Norwalk South SE Quadrangle</placekey><placekey>Norwalk South SW Quadrangle</placekey><placekey>Norwich NE Quadrangle</placekey><placekey>Norwich NW Quadrangle</placekey><placekey>Norwich SE Quadrangle</placekey><placekey>Norwich SW Quadrangle</placekey><placekey>Old Lyme NE Quadrangle</placekey><placekey>Old Lyme NW Quadrangle</placekey><placekey>Old Lyme SE Quadrangle</placekey><placekey>Old Lyme SW Quadrangle</placekey><placekey>Old Mystic NE Quadrangle</placekey><placekey>Old Mystic NW Quadrangle</placekey><placekey>Old Mystic SE Quadrangle</placekey><placekey>Old Mystic SW Quadrangle</placekey><placekey>Oneco NE Quadrangle</placekey><placekey>Oneco NW Quadrangle</placekey><placekey>Oneco SE Quadrangle</placekey><placekey>Oneco SW Quadrangle</placekey><placekey>Oxford SE Quadrangle</placekey><placekey>Oxford SW Quadrangle</placekey><placekey>Pawling NE Quadrangle</placekey><placekey>Pawling SE Quadrangle</placekey><placekey>Peach Lake NE Quadrangle</placekey><placekey>Peach Lake SE Quadrangle</placekey><placekey>Plainfield NE Quadrangle</placekey><placekey>Plainfield NW Quadrangle</placekey><placekey>Plainfield SE Quadrangle</placekey><placekey>Plainfield SW Quadrangle</placekey><placekey>Pound Ridge NE Quadrangle</placekey><placekey>Pound Ridge SE Quadrangle</placekey><placekey>Pound Ridge SW Quadrangle</placekey><placekey>Putnam NE Quadrangle</placekey><placekey>Putnam NW Quadrangle</placekey><placekey>Putnam SE Quadrangle</placekey><placekey>Putnam SW Quadrangle</placekey><placekey>Rockville NE Quadrangle</placekey><placekey>Rockville NW Quadrangle</placekey><placekey>Rockville SE Quadrangle</placekey><placekey>Rockville SW Quadrangle</placekey><placekey>Roxbury NE Quadrangle</placekey><placekey>Roxbury NW Quadrangle</placekey><placekey>Roxbury SE Quadrangle</placekey><placekey>Roxbury SW Quadrangle</placekey><placekey>Scotland NE Quadrangle</placekey><placekey>Scotland NW Quadrangle</placekey><placekey>Scotland SE Quadrangle</placekey><placekey>Scotland SW Quadrangle</placekey><placekey>Sharon NE Quadrangle</placekey><placekey>Sharon NW Quadrangle</placekey><placekey>Sharon SE Quadrangle</placekey><placekey>Sharon SW Quadrangle</placekey><placekey>Sherwood Point NE Quadrangle</placekey><placekey>Sherwood Point NW Quadrangle</placekey><placekey>Sherwood Point SE Quadrangle</placekey><placekey>Sherwood Point SW Quadrangle</placekey><placekey>South Canaan NE Quadrangle</placekey><placekey>South Canaan NW Quadrangle</placekey><placekey>South Canaan SE Quadrangle</placekey><placekey>South Canaan SW Quadrangle</placekey><placekey>South Sandisfield SE Quadrangle</placekey><placekey>South Sandisfield SW Quadrangle</placekey><placekey>Southbridge SE Quadrangle</placekey><placekey>Southbridge SW Quadrangle</placekey><placekey>Southbury NE Quadrangle</placekey><placekey>Southbury NW Quadrangle</placekey><placekey>Southbury SE Quadrangle</placekey><placekey>Southbury SW Quadrangle</placekey><placekey>Southington NE Quadrangle</placekey><placekey>Southington NW Quadrangle</placekey><placekey>Southington SE Quadrangle</placekey><placekey>Southington SW Quadrangle</placekey><placekey>Southwick SE Quadrangle</placekey><placekey>Southwick SW Quadrangle</placekey><placekey>Spring Hill NE Quadrangle</placekey><placekey>Spring Hill NW Quadrangle</placekey><placekey>Spring Hill SE Quadrangle</placekey><placekey>Spring Hill SW Quadrangle</placekey><placekey>Springfield South SE Quadrangle</placekey><placekey>Springfield South SW Quadrangle</placekey><placekey>Stafford Springs NE Quadrangle</placekey><placekey>Stafford Springs NW Quadrangle</placekey><placekey>Stafford Springs SE Quadrangle</placekey><placekey>Stafford Springs SW Quadrangle</placekey><placekey>Stamford NE Quadrangle</placekey><placekey>Stamford NW Quadrangle</placekey><placekey>Stamford SE Quadrangle</placekey><placekey>Stamford SW Quadrangle</placekey><placekey>Tariffville NE Quadrangle</placekey><placekey>Tariffville NW Quadrangle</placekey><placekey>Tariffville SE Quadrangle</placekey><placekey>Tariffville SW Quadrangle</placekey><placekey>Thomaston NE Quadrangle</placekey><placekey>Thomaston NW Quadrangle</placekey><placekey>Thomaston SE Quadrangle</placekey><placekey>Thomaston SW Quadrangle</placekey><placekey>Thompson NE Quadrangle</placekey><placekey>Thompson NW Quadrangle</placekey><placekey>Thompson SE Quadrangle</placekey><placekey>Thompson SW Quadrangle</placekey><placekey>Tolland Center SE Quadrangle</placekey><placekey>Tolland Center SW Quadrangle</placekey><placekey>Torrington NE Quadrangle</placekey><placekey>Torrington NW Quadrangle</placekey><placekey>Torrington SE Quadrangle</placekey><placekey>Torrington SW Quadrangle</placekey><placekey>Uncasville NE Quadrangle</placekey><placekey>Uncasville NW Quadrangle</placekey><placekey>Uncasville SE Quadrangle</placekey><placekey>Uncasville SW Quadrangle</placekey><placekey>Voluntown NE Quadrangle</placekey><placekey>Voluntown NW Quadrangle</placekey><placekey>Voluntown SE Quadrangle</placekey><placekey>Voluntown SW Quadrangle</placekey><placekey>Wales SE Quadrangle</placekey><placekey>Wales SW Quadrangle</placekey><placekey>Wallingford NE Quadrangle</placekey><placekey>Wallingford NW Quadrangle</placekey><placekey>Wallingford SE Quadrangle</placekey><placekey>Wallingford SW Quadrangle</placekey><placekey>Watch Hill NW Quadrangle</placekey><placekey>Waterbury NE Quadrangle</placekey><placekey>Waterbury NW Quadrangle</placekey><placekey>Waterbury SE Quadrangle</placekey><placekey>Waterbury SW Quadrangle</placekey><placekey>Webster SE Quadrangle</placekey><placekey>Webster SW Quadrangle</placekey><placekey>West Granville SE Quadrangle</placekey><placekey>West Granville SW Quadrangle</placekey><placekey>West Springfield SE Quadrangle</placekey><placekey>West Springfield SW Quadrangle</placekey><placekey>West Torrington NE Quadrangle</placekey><placekey>West Torrington NW Quadrangle</placekey><placekey>West Torrington SE Quadrangle</placekey><placekey>West Torrington SW Quadrangle</placekey><placekey>Westford NE Quadrangle</placekey><placekey>Westford NW Quadrangle</placekey><placekey>Westford SE Quadrangle</placekey><placekey>Westford SW Quadrangle</placekey><placekey>Westport NE Quadrangle</placekey><placekey>Westport NW Quadrangle</placekey><placekey>Westport SE Quadrangle</placekey><placekey>Westport SW Quadrangle</placekey><placekey>Willimantic NE Quadrangle</placekey><placekey>Willimantic NW Quadrangle</placekey><placekey>Willimantic SE Quadrangle</placekey><placekey>Willimantic SW Quadrangle</placekey><placekey>Windsor Locks NE Quadrangle</placekey><placekey>Windsor Locks NW Quadrangle</placekey><placekey>Windsor Locks SE Quadrangle</placekey><placekey>Windsor Locks SW Quadrangle</placekey><placekey>Winsted NE Quadrangle</placekey><placekey>Winsted NW Quadrangle</placekey><placekey>Winsted SE Quadrangle</placekey><placekey>Winsted SW Quadrangle</placekey><placekey>Woodbury NE Quadrangle</placekey><placekey>Woodbury NW Quadrangle</placekey><placekey>Woodbury SE Quadrangle</placekey><placekey>Woodbury SW Quadrangle</placekey><placekey>Woodmont NE Quadrangle</placekey><placekey>Woodmont NW Quadrangle</placekey><placekey>Woodmont SE Quadrangle</placekey><placekey>Woodmont SW Quadrangle</placekey></place></keywords><accconst>None</accconst><useconst>
The U.S. Department of Agriculture, Natural Resources Conservation
Service, should be acknowledged as the data source in products
derived from these data.

This data set is not designed for use as a primary regulatory tool
in permitting or citing decisions, but may be used as a reference
source. This is public information and may be interpreted by
organizations, agencies, units of government, or others based on
needs; however, they are responsible for the appropriate
application. Federal, State, or local regulatory bodies are not to
reassign to the Natural Resources Conservation Service any
authority for the decisions that they make. The Natural Resources
Conservation Service will not perform any evaluations of these maps
for purposes related solely to State or local regulatory programs.

Photographic or digital enlargement of these maps to scales greater
than at which they were originally mapped can cause misinterpretation
of the data. If enlarged, maps do not show the small areas of
contrasting soils that could have been shown at a larger scale. The
depicted soil boundaries, interpretations, and analysis derived from
them do not eliminate the need for onsite sampling, testing, and
detailed study of specific sites for intensive uses. Thus, these data
and their interpretations are intended for planning purposes only.
Digital data files are periodically updated. Files are dated, and
users are responsible for obtaining the latest version of the data.
</useconst><ptcontac><cntinfo><cntorgp><cntorg>U.S. Department of Agriculture, Natural Resources Conservation Service</cntorg></cntorgp><cntpos>State Soil Scientist</cntpos><cntaddr><addrtype>mailing address</addrtype><address>USDA - Natural Resources Conservation Service</address><address>Connecticut State Office</address><address>344 Merrow Road, Suite A</address><city>Tolland</city><state>CT</state><postal>06084-3917</postal></cntaddr><cntvoice>860-871-4047</cntvoice><cnttdd>(202) 720-2600</cnttdd><cntfax>860-871-4054</cntfax><cntemail>kip.kolesinskas@ct.usda.gov</cntemail></cntinfo></ptcontac><native Sync="TRUE">Microsoft Windows XP Version 5.1 (Build 2600) Service Pack 2; ESRI ArcCatalog 9.1.0.722</native><natvform Sync="TRUE">Shapefile</natvform></idinfo><dataqual><attracc><attraccr>
Attribute accuracy is tested by manual
comparison of the source with hard copy plots and/or symbolized
display of the map data on an interactive computer graphic system.
Selected attributes that cannot be visually verified on plots or
on screen are interactively queried and verified on screen. In
addition, the attributes are tested against a master set of valid
attributes. All attribute data conform to the attribute codes in
the signed classification and correlation document and amendment(s).
</attraccr></attracc><logic>
Certain node/geometry and topology GT- polygon/chain relationships
are collected or generated to satisfy topological requirements
(the GT-polygon corresponds to the soil delineation). Some of these
requirements include: chains must begin and end at nodes, chains
must connect to each other at nodes, chains do not extend through
nodes, left and right GT-polygons are defined for each chain
element and are consistent throughout, and the chains representing
the limits of the file are free of gaps. The tests of logical
consistency are performed using vendor software. All internal
polygons are tested for closure with vendor software and are checked
on hard copy plots. All data are checked for common soil lines (i.e.,
adjacent polygons with the same label). Edge locations generally do
not deviate from centerline to centerline by more than 0.01 inch.
The Soil Survey of Connecticut is bordered on the north by the State
of Massachusetts; to the east by the State of Rhode Island; to the
south by Long Island Sound and to the west by the State of New York.
Feature edges in this soil survey are not matched to those in
Westchester County, New York, Putnam County, New York, Dutchess County,
New York, Berkshire County, Massachusetts, Hampden and Hampshire
Counties, Western Part, Massachusetts, Hampden and Hampshire Counties,
Eastern Part, Massachusetts, and the State of Rhode Island soil
surveys. Acceptable joins as outlined in Revisions to the National
Soils Handbook, dated 8/27/97 were achieved with all of the surrounding
surveys. Feature labels do not always match, but soil interpretations
are similar enough to achieve an acceptable join. Map units in this
survey that join map units in adjacent surveys share a common
component, common stoniness class, and common slopes. Differences
across state lines occurred relative to map unit design and scales
used in mapping. Typically, map units designed for a scale of 1:12000
are comprised of consociations, complexes, and undifferientiated
units. Complexes and undifferentiated units are comprised of two or
more components. In areas where these complexes or undifferentiated
units join a consociation (one named component), this is an acceptable
join if the adjoining map units share a common component, common
stoniness class, and common slopes thus resulting in similar soil
interpretations. An exception is made for adjoining organic soils,
which are considered to match. The scale is used to determine how much
detail can be shown on the map. To deal with the limitations of scale,
some map units were designed to cover two stoniness classes and two
slope classes. Where map units that are very stony join extremely
stony, they will be considered a acceptable join since each stoniness
class is commonly an inclusion in the other during the mapping process.
Non-stony map units must match non-stony map units. Overlapping slope
ranges will be considered as matching.
</logic><complete>
A map unit is a collection of areas defined and named in terms of
their soil components or miscellaneous areas or both. Each map
unit differs in some respect from all others in a survey area and
each map unit has a symbol that uniquely identifies the map unit
on a soil map. Each individual area, point, or line so identified
on the map is a delineation.

Soil Scientists identify small areas of soils or miscellaneous areas
that have properties and behavior significantly different than the
named soils in the surrounding map unit. These minor components
may be indicated as special features. If they have a minimal effect
on use and management, or could not be precisely located, they may
not be indicated on the map.

A map unit has specified kinds of soils or miscellaneous areas
(map unit components), each with a designated range in
proportionate extent. Map units include one or more kinds of soil
or miscellaneous area. Miscellaneous areas are areas that have little
or no recognizable soil.

Specific National Cooperative Soil Survey standards and procedures
were used in the classification of soils, design and name of map
units, and location of special soil features. These standards are
outlined in Agricultural Handbook 18, Soil Survey Manual, 1993,
USDA, NRCS; Agricultural Handbook 436, Soil Taxonomy, 1995,
USDA, NRCS; and all Amendments; Keys to Soil Taxonomy,
(current issue) USDA, NRCS; National Soil Survey
Handbook, title 430-VI,(current issue) USDA, NRCS.

The actual composition and interpretive purity of the map unit
delineations were based on data collected by scientists during
the course of preparing the soil maps. Adherence to National
Cooperative Soil Survey standards and procedures is based on
peer review, quality control, and quality assurance. Quality
control is outlined in the memorandum of understanding for the
soil survey area and in documents that reside with the Natural
Resources Conservation Service state soil scientist. Four kinds
of map units are used in soil surveys: consociations, complexes,
associations, and undifferentiated groups.

Consociations - Consociations are named for the dominant soil.
In a consociation, delineated areas use a single name from the
dominant component in the map unit. Dissimilar components are
minor in extent. The soil component in a consociation may be
identified at any taxonomic level. Soil series is the lowest
taxonomic level. A consociation that is named as a miscellaneous
area is dominantly that kind of area and minor components do not
significantly affect the use of the map unit. The total amount of
dissimilar inclusions of other components in a map unit generally
does not exceed about 15 percent if limiting and 25 percent if
nonlimiting. A single component of a dissimilar limiting inclusion
generally does not exceed 10 percent if very contrasting.

Complexes and associations - Complexes and associations consist
of two or more  dissimilar components that occur in a regularly
repeating pattern. The total amount of other dissimilar components
is minor extent. The following arbitrary rule determines whether
complex or association is used in the name. The major components
of an association can be separated at the scale of mapping. In
either case, because the major components are sufficiently different
in morphology or behavior, the map unit cannot be called a
consociation. In each delineation of a complex or an association,
each major component is normally present though their proportions
may vary appreciably from one delineation to another. The total
amount of inclusions in a map unit that are dissimilar to any of
the major components does not exceed 15 percent if limiting and
25 percent if nonlimiting. A single kind of dissimilar limiting
inclusion usually does not exceed 10 percent.

Undifferentiated groups - Undifferentiated groups consist of two
or more components that are not consistently associated
geographically and, therefore, do not always occur together in
the same map delineation. These components are included in the
same named map unit because their use and management are the same
or very similar for common uses. Generally they are grouped together
because some common feature, such as steepness, stoniness, or
flooding, determines their use and management. If two or more
additional map units would serve no useful purpose, they may be
included in the same unit. Each delineation has at least one of the
major components, and some may have all of them. The same principles
regarding the proportion of minor components that apply to
consociations also apply to undifferentiated groups. The same
principles regarding proportion of inclusion apply to
undifferentiated groups as to consociations.

Minimum documentation consists of three complete soil profile
descriptions that are collected for each soil added to the legend,
one additional per 3,000 acres mapped; three 10 observation
transects for each map unit, one additional 10 point transect per
3,000 acres.

A defined standard or level of confidence in the interpretive
purity of the map unit delineations is attained by adjusting the
kind and intensity of field investigations. Field investigations
and data collection are carried out in sufficient detail to name
map units and to identify accurately and consistently areas of
about 3 acres.
</complete><posacc><horizpa><horizpar>
The accuracy of these digital data is based upon their
compilation to base maps that meet National Map
Accuracy Standards at a scale of 1 inch equals 1,000
feet. The difference in positional accuracy between the
soil boundaries and special soil features locations in the
field and their digitized map locations is unknown. The
locational accuracy of soil delineations on the ground varies
with the transition between map units.

For example, on long gently sloping landscapes the transition
occurs gradually over many feet. Where landscapes change
abruptly from steep to level, the transition will be very
narrow. Soil delineation boundaries and special soil features
generally were digitized within 0.01 inch of their locations on
the digitizing source. The digital map elements are edge matched
between data sets. The data along each quadrangle edge are
matched against the data for the adjacent quadrangle. Edge
locations generally do not deviate from centerline to centerline
by more than 0.01 inch.
</horizpar></horizpa></posacc><lineage><srcinfo><srccite><citeinfo><origin>
U.S. Department of Agriculture, Soil Conservation
Service
</origin><pubdate>1962</pubdate><title>Soil Survey of Hartford County</title><geoform>atlas</geoform><pubinfo><pubplace>Washington, D.C.</pubplace><publish>U.S. Government Printing Office</publish></pubinfo></citeinfo></srccite><srcscale>20000</srcscale><typesrc>paper</typesrc><srctime><timeinfo><sngdate><caldate>1962</caldate></sngdate></timeinfo><srccurr>publication date</srccurr></srctime><srccitea>SCS1</srccitea><srccontr>
information for soil map unit delineations,
special soil feature locations, and data on soil properties
</srccontr></srcinfo><srcinfo><srccite><citeinfo><origin>
U.S. Department of Agriculture, Soil Conservation
Service
</origin><pubdate>1983</pubdate><title>Soil Survey of New London County</title><geoform>atlas</geoform><pubinfo><pubplace>Washington, D.C.</pubplace><publish>U.S. Government Printing Office</publish></pubinfo></citeinfo></srccite><srcscale>15840</srcscale><typesrc>paper</typesrc><srctime><timeinfo><sngdate><caldate>1983</caldate></sngdate></timeinfo><srccurr>publication date</srccurr></srctime><srccitea>SCS2</srccitea><srccontr>
information for soil map unit delineations,
special soil feature locations, and data on soil properties
</srccontr></srcinfo><srcinfo><srccite><citeinfo><origin>
U.S. Department of Agriculture, Soil Conservation
Service
</origin><pubdate>1966</pubdate><title>Soil Survey of Tolland County</title><geoform>atlas</geoform><pubinfo><pubplace>Washington, D.C.</pubplace><publish>U.S. Government Printing Office</publish></pubinfo></citeinfo></srccite><srcscale>15840</srcscale><typesrc>paper</typesrc><srctime><timeinfo><sngdate><caldate>1966</caldate></sngdate></timeinfo><srccurr>publication date</srccurr></srctime><srccitea>SCS3</srccitea><srccontr>
information for soil map unit delineations,
special soil feature locations, and data on soil properties
</srccontr></srcinfo><srcinfo><srccite><citeinfo><origin>
U.S. Department of Agriculture, Soil Conservation
Service
</origin><pubdate>1996</pubdate><title>Soil Survey of Tolland County</title><geoform>atlas</geoform><pubinfo><pubplace>Washington, D.C.</pubplace><publish>U.S. Government Printing Office</publish></pubinfo></citeinfo></srccite><srcscale>12000</srcscale><typesrc>paper</typesrc><srctime><timeinfo><sngdate><caldate>1996</caldate></sngdate></timeinfo><srccurr>publication date</srccurr></srctime><srccitea>NRCS1</srccitea><srccontr>
information for soil map unit delineations,
special soil feature locations, and data on soil properties
</srccontr></srcinfo><srcinfo><srccite><citeinfo><origin>
U.S. Department of Agriculture, Soil Conservation
Service
</origin><pubdate>1981</pubdate><title>Soil Survey of Windham County</title><geoform>atlas</geoform><pubinfo><pubplace>Washington, D.C.</pubplace><publish>U.S. Government Printing Office</publish></pubinfo></citeinfo></srccite><srcscale>15840</srcscale><typesrc>paper</typesrc><srctime><timeinfo><sngdate><caldate>1981</caldate></sngdate></timeinfo><srccurr>publication date</srccurr></srctime><srccitea>SCS4</srccitea><srccontr>
information for soil map unit delineations,
special soil feature locations, and data on soil properties
</srccontr></srcinfo><srcinfo><srccite><citeinfo><origin>
U.S. Department of Agriculture, Soil Conservation
Service
</origin><pubdate>1981</pubdate><title>Soil Survey of Fairfield County</title><geoform>atlas</geoform><pubinfo><pubplace>Washington, D.C.</pubplace><publish>U.S. Government Printing Office</publish></pubinfo></citeinfo></srccite><srcscale>15840</srcscale><typesrc>paper</typesrc><srctime><timeinfo><sngdate><caldate>1981</caldate></sngdate></timeinfo><srccurr>publication date</srccurr></srctime><srccitea>SCS5</srccitea><srccontr>
information for soil map unit delineations,
special soil feature locations, and data on soil properties
</srccontr></srcinfo><srcinfo><srccite><citeinfo><origin>
U.S. Department of Agriculture, Soil Conservation
Service
</origin><pubdate>1979</pubdate><title>Soil Survey of New Haven County</title><geoform>atlas</geoform><pubinfo><pubplace>Washington, D.C.</pubplace><publish>U.S. Government Printing Office</publish></pubinfo></citeinfo></srccite><srcscale>15840</srcscale><typesrc>paper</typesrc><srctime><timeinfo><sngdate><caldate>1979</caldate></sngdate></timeinfo><srccurr>publication date</srccurr></srctime><srccitea>SCS6</srccitea><srccontr>
information for soil map unit delineations,
special soil feature locations, and data on soil properties
</srccontr></srcinfo><srcinfo><srccite><citeinfo><origin>
U.S. Department of Agriculture, Soil Conservation
Service
</origin><pubdate>1979</pubdate><title>Soil Survey of Middlesex County</title><geoform>atlas</geoform><pubinfo><pubplace>Washington, D.C.</pubplace><publish>U.S. Government Printing Office</publish></pubinfo></citeinfo></srccite><srcscale>15840</srcscale><typesrc>paper</typesrc><srctime><timeinfo><sngdate><caldate>1979</caldate></sngdate></timeinfo><srccurr>publication date</srccurr></srctime><srccitea>SCS7</srccitea><srccontr>
information for soil map unit delineations,
special soil feature locations, and data on soil properties
</srccontr></srcinfo><srcinfo><srccite><citeinfo><origin>
U.S. Department of Agriculture, Soil Conservation
Service
</origin><pubdate>1970</pubdate><title>Soil Survey of Litchfield County</title><geoform>atlas</geoform><pubinfo><pubplace>Washington, D.C.</pubplace><publish>U.S. Government Printing Office</publish></pubinfo></citeinfo></srccite><srcscale>15840</srcscale><typesrc>paper</typesrc><srctime><timeinfo><sngdate><caldate>1970</caldate></sngdate></timeinfo><srccurr>publication date</srccurr></srctime><srccitea>SCS8</srccitea><srccontr>
information for soil map unit delineations,
special soil feature locations, and data on soil properties
</srccontr></srcinfo><srcinfo><srccite><citeinfo><origin>
U.S. Department of Agriculture, Natural Resources
Conservation Service
</origin><pubdate>unpublished Material</pubdate><title>Soil Survey of Connecticut</title><geoform>atlas</geoform></citeinfo></srccite><srcscale>12000</srcscale><typesrc>paper</typesrc><srctime><timeinfo><rngdates><begdate>1985</begdate><enddate>2001</enddate></rngdates></timeinfo><srccurr>correlation date</srccurr></srctime><srccitea>NRCS2</srccitea><srccontr>
information for soil map unit delineations,
special soil feature locations, and data on soil properties
</srccontr></srcinfo><srcinfo><srccite><citeinfo><origin>Connecticut Department of Environmental Protection</origin><pubdate>unpublished material</pubdate><title>multiple digital hydrography subset</title><geoform>digital data</geoform><pubinfo><pubplace>Hartford, Connecticut</pubplace><publish>Connecticut Department of Environmental Protection</publish></pubinfo></citeinfo></srccite><srcscale>24000</srcscale><typesrc>digital spatial data</typesrc><srctime><timeinfo><sngdate><caldate>1983</caldate></sngdate></timeinfo><srccurr>1983</srccurr></srctime><srccitea>CTDEP1</srccitea><srccontr>
Hydrographic features to include double
line streams and area features greater than 3 acres in size
were subset from USGS 1:24000 scale Digital Line Graphs updated
to 1985 and 1990 imagery by NRCS and used as a template for
soils digitizing
</srccontr></srcinfo><srcinfo><srccite><citeinfo><origin>Connecticut Department of Environmental Protection</origin><pubdate>1986</pubdate><title>multiple aerial photographs</title><geoform>
Multiple B/W low altitude
photographs
</geoform><pubinfo><pubplace>Bohemia, New York</pubplace><publish>AeroGraphics Corporation</publish></pubinfo></citeinfo></srccite><srcscale>12000</srcscale><typesrc>paper</typesrc><srctime><timeinfo><sngdate><caldate>1986</caldate></sngdate></timeinfo><srccurr>publication date</srccurr></srctime><srccitea>CTDEP2</srccitea><srccontr>
base material for field mapping and
soils/land use updates
</srccontr></srcinfo><srcinfo><srccite><citeinfo><origin>Connecticut Department of Environmental Protection</origin><pubdate>1990</pubdate><title>multiple aerial photographs</title><geoform>
Multiple B/W low altitude
photographs
</geoform><pubinfo><pubplace>Bohemia, New York</pubplace><publish>AeroGraphics Corporation</publish></pubinfo></citeinfo></srccite><srcscale>12000</srcscale><typesrc>paper</typesrc><srctime><timeinfo><sngdate><caldate>1990</caldate></sngdate></timeinfo><srccurr>publication date</srccurr></srctime><srccitea>CTDEP3</srccitea><srccontr>
base material for field mapping and
soils/land use updates
</srccontr></srcinfo><srcinfo><srccite><citeinfo><origin>Connecticut Department of Environmental Protection</origin><pubdate>unpublished material</pubdate><title>multiple inked overlays</title><geoform>scannable overlay</geoform><pubinfo><pubplace>Hartford, Connecticut</pubplace><publish>Connecticut Department of Environmental Protection</publish></pubinfo></citeinfo></srccite><srcscale>15840</srcscale><typesrc>stable base material</typesrc><srctime><timeinfo><sngdate><caldate>1995</caldate></sngdate></timeinfo><srccurr>publication date</srccurr></srctime><srccitea>CTDEP4</srccitea><srccontr>digitizing source</srccontr></srcinfo><srcinfo><srccite><citeinfo><origin>U.S. Geological Survey</origin><pubdate>1980</pubdate><title>multiple orthophotographic enlargements</title><geoform>remote sensing image</geoform><pubinfo><pubplace>Reston, Virginia</pubplace><publish>U.S. Geological Survey</publish></pubinfo></citeinfo></srccite><srcscale>15840</srcscale><typesrc>stable base material</typesrc><srctime><timeinfo><sngdate><caldate>1980</caldate></sngdate></timeinfo><srccurr>publication date</srccurr></srctime><srccitea>USGS1</srccitea><srccontr>
base material for compilation - original
orthophotoquad scale 1:24000
</srccontr></srcinfo><srcinfo><srccite><citeinfo><origin>U.S. Geological Survey</origin><pubdate>1995</pubdate><title>multiple 3.75 minute digital orthophoto quadrangles</title><geoform>remote sensing image</geoform><pubinfo><pubplace>Reston, Virginia</pubplace><publish>U.S. Geological Survey</publish></pubinfo></citeinfo></srccite><srcscale>12000</srcscale><typesrc>CD-ROM</typesrc><srctime><timeinfo><sngdate><caldate>1995</caldate></sngdate></timeinfo><srccurr>publication date</srccurr></srctime><srccitea>USGS2</srccitea><srccontr>digital base material for 1:12000 review</srccontr></srcinfo><srcinfo><srccite><citeinfo><origin>
U.S. Department of Agriculture, Natural Resources
Conservation Service
</origin><pubdate>2004</pubdate><title>
Soil Survey Geographic (SSURGO) database for the Connecticut
Statewide Update, Subset 1
</title><geoform>map</geoform><pubinfo><pubplace>Fort Worth, Texas</pubplace><publish>
U.S. Department of Agriculture, Natural Resources
Conservation Service, National Cartography and Geospatial
Center
</publish></pubinfo></citeinfo></srccite><srcscale>24000</srcscale><typesrc>online</typesrc><srctime><timeinfo><sngdate><caldate>2004</caldate></sngdate></timeinfo><srccurr>2004</srccurr></srctime><srccitea>NRCS3</srccitea><srccontr>SSURGO data for revision of spatial data</srccontr></srcinfo><srcinfo><srccite><citeinfo><origin>
U.S. Department of Agriculture,
Natural Resources Conservation Service
</origin><pubdate>2005</pubdate><title>National Soil Information System (NASIS) data base</title><geoform>tabular digital data</geoform><pubinfo><pubplace>Fort Collins, Colorado</pubplace><publish>
U.S. Department of Agriculture,
Natural Resources Conservation Service
</publish></pubinfo></citeinfo></srccite><typesrc>database</typesrc><srctime><timeinfo><rngdates><begdate>2005</begdate><enddate>2005</enddate></rngdates></timeinfo><srccurr>publication date</srccurr></srctime><srccitea>NASIS</srccitea><srccontr>attribute (tabular) information</srccontr></srcinfo><procstep><procdesc>
Field procedures for the second order soil
survey included plotting of soil boundaries determined by field
observation and by interpretation of remotely sensed data.
Boundaries were verified at closely spaced intervals, and the soils
in each delineation were identified by traversing and transecting
the landscape. The classification and map unit names were
progressively reviewed December 1993 and August 2001.
</procdesc><srcused>CTDEP2, CTDEP3, NRCS2</srcused><procdate>2001</procdate></procstep><procstep><procdesc>
Hartford County, Connecticut, had a previously
published soil survey, 1962, at a scale of 1:20000. Landuse was
updated to 1990, limited mapping was performed in areas where
significant changes in classification occurred, and mapunits were
correlated to the Connecticut legend.
</procdesc><srcused>SCS1</srcused><procdate>1994</procdate></procstep><procstep><procdesc>
New London County, Connecticut, had a previously
published soil survey, 1983, at a scale of 1:15840. Landuse was
updated to 1985/1986. Mapunits were correlated to the Connecticut
legend. Small mapunits less than 3 acres and narrow drainage ways
may have been combined with adjacent units.
</procdesc><srcused>SCS2</srcused><procdate>1994</procdate></procstep><procstep><procdesc>
Tolland County, Connecticut, had a previously
published soil survey, 1966, at a scale of 1:15840. The original
survey was developed mainly for agricultural interpretations,
therefore, wooded areas were not mapped as detailed as open areas.
Approximately 75% of the county was remapped to current standards
during the period from 1985 to 1994. The new data was published
in 1996. Mapunits were correlated to the Connecticut legend.
</procdesc><srcused>SCS3, NRCS1</srcused><procdate>1994</procdate></procstep><procstep><procdesc>
Windham County, Connecticut, had a previously
published soil survey, 1981, at a scale of 1:15840. Landuse was
updated to 1985/1986. Mapunits were correlated to the Connecticut
legend. Small mapunits less than 3 acres and narrow drainage ways
may have been combined with adjacent units.
</procdesc><srcused>SCS4</srcused><procdate>1994</procdate></procstep><procstep><procdesc>
Fairfield County, Connecticut, had a previously
published soil survey, 1981, at a scale of 1:15840. Landuse was
updated to 1990. Mapunits were correlated to the Connecticut legend.
Small mapunits less than 3 acres and narrow drainage ways may have
been combined with adjacent units.
</procdesc><srcused>SCS5</srcused><procdate>2001</procdate></procstep><procstep><procdesc>
New Haven County, Connecticut, had a previously
published soil survey, 1979, at a scale of 1:15840. Landuse was
updated to 1990. Mapunits were correlated to the Connecticut legend.
Small mapunits less than 3 acres and narrow drainage ways may have
been combined with adjacent units.
</procdesc><srcused>SCS6</srcused><procdate>2001</procdate></procstep><procstep><procdesc>
Middlesex County, Connecticut, had a previously
published soil survey, 1980, at a scale of 1:15480. Landuse was
updated to 1990, limited mapping was performed in areas where
significant changes in classification occurred, and mapunits were
correlated to the Connecticut legend.
</procdesc><srcused>SCS7</srcused><procdate>2001</procdate></procstep><procstep><procdesc>
Litchfield County, Connecticut, had a previously
published soil survey, 1970, at a scale of 1:15840. The original
survey was developed mainly for agricultural interpretations,
therefore, wooded areas were not mapped as detailed as open areas.
Approximately 75% of the county was remapped to current standards
during the period from 1994 to 2001.  Mapunits were correlated
to the Connecticut legend.
</procdesc><srcused>SCS8</srcused><procdate>2001</procdate></procstep><procstep><procdesc>
Hydrography was transferred from 1:15840 acetates
to the 1:15840 orthophotographs as a reference only for soil
delineations. This data was not digitized from the orthophotographs,
but digitally subset from USGS DLGs. Field maps and published atlas
sheets were ratioed to approximately 1:15840 when necessary and then
manually compiled using imagery transfer techniques to 1:15840
orthophotograph enlargements. Slight adjustments were made to soil
boundaries near hydrography for clarity. These adjustments occurred
along narrow floodplains, shorelines, and other areas of fluctuating
water levels. Water bodies for Litchfield County were adjusted from
the aerial photography during remapping. Special soil features were
compiled on film overlays and manually digitized using GRASS 4.1.3
and ArcInfo 8.2. Soil delineations were digitized using one of the
following procedures:

1) Soil delineations were inked on 7mil overlays and scanned at
300dpi. Utilizing ProVec software, data were edited and converted to
vector format. Data was then imported into ARC/INFO 3.4D and
georeferenced to Connecticut State Plane feet - NAD 27. Each
quadrangle has sixteen tics, therefore, data was transformed by
ninths maintaining Root Mean Square (RMS) less than .003. The
hydrography template was imported, vectors edited and labels created.

2) Soil delineations were manually digitized using ARC/INFO 3.2.1.
Data were registered in Connecticut State Plane coordinates
maintaining RMS less than .003. Weed and fuzzy tolerances maintained
at 3. Data were transferred to ARC/INF0 6.0 for approximate
edgematching and label editing, exported to DLGs, and imported to
GRASS 4.1.3. Data was projected to UTM coordinates NAD 27 and edited
for node to node edgematching.

Soil special features were manually digitized by using one of the
following software products, GRASS 4.1.3 or ArcInfo 8.2. Compilation,
digitizing, and quality control were performed by soil scientists and
cartographic technicians at the Connecticut Natural Resources
Conservation Service. Digital scanning and vector conversion was
performed by private contractor. Digital editing was performed at
the Connecticut Natural Resources Conservation Service and the
Connecticut Department of Environmental Protection - Natural
Resources Center. Digital soils delineations were visually verified
using background digital orthophotograph imagery at 1:12000 to ensure
accuracy at this scale.  Organic soils, bedrock controlled soils and
other easily identified features were utilized to ensure vertical
integration and accurate soil delineation placement. Digital review
for adherence to SSURGO standards was performed by the Missouri NRCS
Digitizing Unit. Edits were made in ArcEdit. The survey area boundary
was replaced with the boundary arcs from adjacent surveys, where
possible. A new ARC/INFO coverage reflecting these edits was produced
and reviewed for adherence to SSURGO standards by Missouri NRCS
Regional Digitizing Unit staff. The certified data were uploaded to
the Soil Data Warehouse for archiving and distribution.
</procdesc><srcused>
SCS1, SCS2, SCS3, NRCS1, SCS4, SCS5,
SCS6, SCS7, SCS8, NRCS2, CTDEP1, USGS1, CTDEP4, USGS2, NRCS3
</srcused><procdate>2001</procdate></procstep><procstep><procdesc>
The National Soil Information System data base
was developed by Natural Resources Conservation Service soil
scientists according to national standards.
</procdesc><srcused>NRCS1</srcused><procdate>2005</procdate></procstep><procstep><procdesc>
The previously certified digital data of the
Connecticut Statewide Update, Subset 1, were updated for
incorporation into the Connecticut statewide survey. Boundaries were
replaced with the boundary arcs from adjacent subsets of Connecticut
as well as other adjacent surveys.  The updated data were
incorporated into the statewide digital data, and a new ARC/INFO
coverage reflecting these edits was produced with ARC/INFO 7.2.1 and
reviewed for adherence to SSURGO standards by Missouri NRCS Regional
Digitizing Unit staff.
</procdesc><srcused>NRCS1, NRCS2</srcused><procdate>2005</procdate></procstep><procstep><procdesc>
The Natural Resources Conservation Service State Soil Scientist or
delegate, upon completion of data quality verification, determined
that the tabular data should be released for official use. A
selected set of map units and components in the soil survey legend was
copied to a staging database, and rating values for selected
interpretations were generated. The list of selected interpretations is
stored in the database table named sainterp.
</procdesc><srcused>NASIS</srcused><procdate>20050715</procdate></procstep><procstep><procdesc>
The Natural Resources Conservation Service State Soil Scientist or
delegate verified that the labels on the digitized soil map units
link to map units in the tabular database, and certified the joined
data sets for release to the Soil Data Warehouse. A system assigned
version number and date stamp were added and the data were copied to
the data warehouse. The tabular data for the map units and components
were extracted from the data warehouse and reformatted into the soil
data delivery data model, then stored in the Soil Data Mart. The spatial
data were copied to the Soil Data Mart without change.
</procdesc><srcused>NASIS</srcused><procdate>20050715</procdate></procstep><procstep><procdesc>The tabular data were extracted from the data mart without change. The spatial data's coordinate system was transformed to UTM Zone 18, Northern Hemisphere (NAD 83) using ESRI ArcObjects 8.3 "ConvertFeatureClass" and exported to an ESRI shapefile. ESRI ArcInfo/Workstation 8.3 was used to read the shapefile, clean the double precision cover with a dangle length of 0.000001 and a fuzzy tolerance of 0.000001.  The cover was written out as an interchange file without blank compression. </procdesc><srcused>NASIS</srcused><procdate>20051230</procdate></procstep><srcinfo><typesrc>disc</typesrc><srccitea>CSS</srccitea><srccontr>Final Shapefile in CSP NAD83 (feet)</srccontr><srccite><citeinfo><title>Connecticut Soils Shapefile (NAD83 feet)</title><origin>State of Connecticut, Department of Environmental Protection</origin><pubdate>2006</pubdate><geoform>vector digital data</geoform></citeinfo></srccite><srctime><timeinfo><sngdate><caldate>2006</caldate></sngdate></timeinfo><srccurr>publication date</srccurr></srctime><srcscale>24000</srcscale></srcinfo><procstep><procdesc>Datum conversion and attribute enhancements - Using ArcInfo Workstation 9.1 the NASIS data in ArcInfo Interchange file format was downloaded from the NRCS Website and imported back to ArcInfo Coverage format. The ArcInfo Coverage was subsequently projected from Connecticut State Plane NAD 83 Meters to Connecticut State Plane NAD 83 Feet and polygon feature topology was reestablished with the ArcInfo Build function. Using ArcGIS 9.1, converted data from ArcInfo Coverage to ESRI Shapefile format. Excluded the AREA, PERIMETER, COVER#, and COVER-ID attributes from the Shapefile because their values are only maintained by ArcInfo software with data that is in ArcInfo Coverage format.  Of the eight attributes in the original Soils Coverage, two were retained in the new shapefile:  MUSYM and MUKEY.  Tabular joins were performed on various tables in the soils database in order to add the following attributes:  MUNAME, HYDRIC, AND FARMLAND.  The CTWET attribute was added by joining the NASIS soils table to the 1995 soils layer and the 2004 northwest Connecticut soils layer in which an attribute for Connecticut wetlands soils was present.  Finally, a CTWET_IMS attribute and a FARM_IMS attribute were added to establish a very general classification scheme for symbolizing  features within Internet mapping software environments such as ArcIMS.  This process step was completed by the State of Connecticut, Department of Environmental Protection.</procdesc><srcused>NRCS3</srcused><procsv>ArcGIS 9.1</procsv><srcused>NASIS</srcused><procdate>2006</procdate><srcprod>CSS</srcprod><proccont><cntinfo/></proccont></procstep><procstep><procdesc Sync="TRUE">Metadata imported.</procdesc><srcused Sync="TRUE">C:\soil\soils2005\ctsoils.shp.xml</srcused><date Sync="TRUE">20060206</date><time Sync="TRUE">10374600</time></procstep><procstep><procdesc Sync="TRUE">Dataset moved.</procdesc><srcused Sync="TRUE">C:\ModelBuilder\Data\Shapes\middlesexsoils\middlesexsoils</srcused><date Sync="TRUE">20071204</date><time Sync="TRUE">14392700</time></procstep></lineage></dataqual><spdoinfo><direct Sync="TRUE">Vector</direct><ptvctinf><esriterm Name="wetland_buf"><efeatyp Sync="TRUE">Simple</efeatyp><efeageom code="4" Sync="TRUE"></efeageom><esritopo Sync="TRUE">FALSE</esritopo><efeacnt Sync="TRUE">0</efeacnt><spindex Sync="TRUE">FALSE</spindex><linrefer Sync="TRUE">FALSE</linrefer></esriterm></ptvctinf></spdoinfo><spref><horizsys><planar><planci><plance Sync="TRUE">coordinate pair</plance><plandu Sync="TRUE">survey feet</plandu><coordrep><absres Sync="TRUE">0.000256</absres><ordres Sync="TRUE">0.000256</ordres></coordrep></planci></planar><geodetic><horizdn Sync="TRUE">North American Datum of 1983</horizdn><ellips Sync="TRUE">Geodetic Reference System 80</ellips><semiaxis Sync="TRUE">6378137.000000</semiaxis><denflat Sync="TRUE">298.257222</denflat></geodetic><cordsysn><geogcsn Sync="TRUE">GCS_North_American_1983</geogcsn><projcsn Sync="TRUE">NAD_1983_StatePlane_Connecticut_FIPS_0600_Feet</projcsn></cordsysn></horizsys></spref><eainfo><detailed Name="wetland_buf"><enttyp><enttypl Sync="TRUE">wetland_buf</enttypl><enttypd>
Special Soil Features represent soil, miscellaneous area, or landform
features that are too small to be digitized as soil delineations
(area features).
</enttypd><enttypds>Agricultural Handbook 18, Soil Survey Manual, 1993, USDA, SCS.</enttypds><enttypt Sync="TRUE">Feature Class</enttypt><enttypc Sync="TRUE">0</enttypc></enttyp><attr><attrlabl Sync="TRUE">FID</attrlabl><attalias Sync="TRUE">FID</attalias><attrtype Sync="TRUE">OID</attrtype><attwidth Sync="TRUE">4</attwidth><atprecis Sync="TRUE">0</atprecis><attscale Sync="TRUE">0</attscale><attrdef Sync="TRUE">Internal feature number.</attrdef><attrdefs Sync="TRUE">ESRI</attrdefs><attrdomv><udom Sync="TRUE">Sequential unique whole numbers that are automatically generated.</udom></attrdomv></attr><attr><attrlabl Sync="TRUE">Shape</attrlabl><attalias Sync="TRUE">Shape</attalias><attrtype Sync="TRUE">Geometry</attrtype><attwidth Sync="TRUE">0</attwidth><atprecis Sync="TRUE">0</atprecis><attscale Sync="TRUE">0</attscale><attrdef Sync="TRUE">Feature geometry.</attrdef><attrdefs Sync="TRUE">ESRI</attrdefs><attrdomv><udom Sync="TRUE">Coordinates defining the features.</udom></attrdomv></attr><attr><attrlabl Sync="TRUE">Id</attrlabl><attalias Sync="TRUE">Id</attalias><attrtype Sync="TRUE">Integer</attrtype><attwidth Sync="TRUE">6</attwidth><atprecis Sync="TRUE">6</atprecis><attscale Sync="TRUE">0</attscale></attr></detailed><overview><eaover>
Map Unit Delineations are closed polygons that may be dominated
by a single soil or miscellaneous area component plus allowable
similar or dissimilar soils, or they can be geographic mixtures
of groups of soils or soils and miscellaneous areas.

The map unit symbol uniquely identifies each closed map unit
delineation. Each symbol corresponds to a map unit name. The
map unit key is used to link to information in the National
Soil Information System tables.

Map Unit Delineations are described by the National Soil
Information System database. This attribute database gives the
proportionate extent of the component soils and the properties for
each soil. The database contains both estimated and measured data
on the physical and chemical soil properties and soil
interpretations for engineering, water management, recreation,
agronomic, woodland, range, and wildlife uses of the soil.

The National Soil Information System database contains static
metadata. It documents the data structure and includes such
information as what tables, columns, indexes, and relationships
are defined as well as a variety of attributes of each of these
database objects. Attributes include table and column
descriptions and detailed domain information.

The National Soil Information System database also contains a
distribution metadata. It records the criteria used for selecting
map units and components for inclusion in the set of distributed
data.

Special features are described in the feature table.  It includes an
area symbol, feature label, feature name, and feature description for
each special and ad hoc feature in the survey area.
</eaover><eadetcit>
Soil Taxonomy: A basic system of soil classification for making and
interpreting soil surveys. Agricultural Handbook 436, 1999, USDA, SCS.

Keys to Soil Taxonomy (current issue), USDA, SCS.

National Soil Survey Handbook, Title 430-VI, part 647 (current
issue), USDA, NRCS.

Agricultural Handbook 18, Soil Survey Manual, 1993, USDA, SCS.
</eadetcit></overview></eainfo><distinfo><distrib><cntinfo><cntorgp><cntorg>
U.S. Department of Agriculture, Natural
Resources Conservation Service, National
Cartography and Geospatial Center
</cntorg></cntorgp><cntaddr><addrtype>mailing and physical address</addrtype><address>501 West Felix Street, Building 23, P.O. Box 6567</address><city>Fort Worth</city><state>Texas</state><postal>76115</postal></cntaddr><cntvoice>800 672 5559</cntvoice><cnttdd>202 720 2600</cnttdd><cntfax>817 509 3469</cntfax></cntinfo></distrib><resdesc>State of Connecticut SSURGO</resdesc><distliab>
Although these data have been processed successfully on a computer
system at the U.S. Department of Agriculture, no warranty expressed
or implied is made by the Agency regarding the utility of the data
on any other system, nor shall the act of distribution constitute
any such warranty. The U.S. Department of Agriculture will warrant
the delivery of this product in computer readable format, and will
offer appropriate adjustment of credit when the product is determined
unreadable by correctly adjusted computer input peripherals, or
when the physical medium is delivered in damaged condition. Request
for adjustment of credit must be made within 90 days from the date
of this shipment from the ordering site.

The U.S. Department of Agriculture, nor any of its agencies are
liable for misuse of the data, for damage, for transmission of
viruses, or for computer contamination through the distribution of
these data sets. The U.S. Department of Agriculture (USDA) prohibits
discrimination in all its programs and activities on the basis of race,
color, national origin, sex, religion, age, disability, political
beliefs, sexual orientation, or marital or family status. (Not all
prohibited bases apply to all programs.)
</distliab><stdorder><digform><digtinfo><formname>ArcView shapefile</formname><formcont>spatial</formcont><filedec>WinZip or equivalent</filedec><transize>347.3</transize><dssize Sync="TRUE">28.445</dssize></digtinfo><digtopt><onlinopt><computer>
							<networka><networkr>URL:http://SoilDataMart.nrcs.usda.gov/</networkr></networka></computer><accinstr>Select desired survey area at above Internet Web site. An email 
address is required for receipt of instructions on retrieval via 
anonymous FTP. Anticipate a delay between submission of request 
at Web site and receipt of email message.</accinstr></onlinopt></digtopt></digform><digform><digtinfo><formname>ARC/INFO coverage</formname><formcont>spatial</formcont><filedec>WinZip or equivalent</filedec><transize>347.3</transize><dssize Sync="TRUE">28.445</dssize></digtinfo><digtopt><onlinopt><computer>
							<networka><networkr>URL:http://SoilDataMart.nrcs.usda.gov/</networkr></networka></computer><accinstr>Select desired survey area at above Internet Web site. An email 
address is required for receipt of instructions on retrieval via 
anonymous FTP. Anticipate a delay between submission of request 
at Web site and receipt of email message.</accinstr></onlinopt></digtopt></digform><digform><digtinfo><formname>ARC/INFO interchange file</formname><formcont>spatial</formcont><filedec>WinZip or equivalent</filedec><transize>347.3</transize><dssize Sync="TRUE">28.445</dssize></digtinfo><digtopt><onlinopt><computer>
							<networka><networkr>URL:http://SoilDataMart.nrcs.usda.gov/</networkr></networka></computer><accinstr>Select desired survey area at above Internet Web site. An email 
address is required for receipt of instructions on retrieval via 
anonymous FTP. Anticipate a delay between submission of request 
at Web site and receipt of email message.</accinstr></onlinopt></digtopt></digform><digform><digtinfo><formname>ASCII</formname><formcont>keys and attributes</formcont><filedec>WinZip or equivalent</filedec><transize>45.1</transize><dssize Sync="TRUE">28.445</dssize></digtinfo><digtopt><onlinopt><computer><networka><networkr>URL:http://SoilDataMart.nrcs.usda.gov/</networkr></networka></computer><accinstr>Select desired survey area at above Internet Web site. An email 
address is required for receipt of instructions on retrieval via 
anonymous FTP. Anticipate a delay between submission of request 
at Web site and receipt of email message.</accinstr></onlinopt></digtopt></digform><fees>There is currently no direct charge for requesting data or for 
retrieval via FTP.</fees><ordering>Visit the above mentioned Internet Web Site, select state or 
territory, then select individual soil survey area of interest. 
Spatial line data and locations of special feature symbols are in 
ESRI ArcGIS (ArcView,ArcInfo) shapefile, coverage and interchange 
(i.e., export) formats. The National Soil Information System 
attribute soil data are available in variable length, pipe 
delimited, ASCII file format.</ordering><turnarnd>Typically within four hours</turnarnd></stdorder></distinfo><metainfo><metd Sync="TRUE">20060518</metd><metc><cntinfo><cntorgp><cntorg>U.S. Department of Agriculture, Natural Resources Conservation Service</cntorg><cntper>REQUIRED: The person responsible for the metadata information.</cntper></cntorgp><cntpos>State Soil Scientist</cntpos><cntaddr><addrtype>mailing address</addrtype><address>USDA - Natural Resources Conservation Service</address><address>Connecticut State Office</address><address>344 Merrow Road, Suite A</address><city>Tolland</city><state>CT</state><postal>06084-3917</postal></cntaddr><cntvoice>860-871-4047</cntvoice><cnttdd>(202) 720-2600</cnttdd><cntfax>860-871-4054</cntfax><cntemail>kip.kolesinskas@ct.usda.gov</cntemail></cntinfo></metc><metstdn Sync="TRUE">FGDC Content Standards for Digital Geospatial Metadata</metstdn><metstdv Sync="TRUE">FGDC-STD-001-1998</metstdv><langmeta Sync="TRUE">en</langmeta><mettc Sync="TRUE">local time</mettc></metainfo><Esri><ModDate>20231018</ModDate><ModTime>18352400</ModTime><CreaDate>20060206</CreaDate><CreaTime>10374600</CreaTime><SyncOnce>FALSE</SyncOnce><SyncDate>20231018</SyncDate><SyncTime>18352400</SyncTime><MetaID>{E27B297F-2F04-4D17-B392-11627A0ED3DB}</MetaID><DataProperties><lineage><Process Name="Clip_4" ToolSource="C:\Program Files\ArcGIS\ArcToolbox\Toolboxes\Analysis Tools.tbx\Clip" Date="20060206" Time="113822">Clip soilshape countymidd C:\soil\shapes\middlesexsoils.shp #</Process><Process ToolSource="c:\program files\arcgis\pro\Resources\ArcToolbox\toolboxes\Analysis Tools.tbx\Clip" Date="20231018" Time="183524">Clip C:/NRE_5585/Data/middlesexsoils.shp town_lyr C:/NRE_5585/Results\town_soils.shp #</Process><Process ToolSource="c:\program files\arcgis\pro\Resources\ArcToolbox\toolboxes\Analysis Tools.tbx\Buffer" Date="20231018" Time="183527">Buffer town_wetland_lyr C:/NRE_5585/Results\wetland_buf.shp "100 Feet" Full Round "Dissolve all output features into a single feature" # Planar</Process><Process ToolSource="c:\program files\arcgis\pro\Resources\ArcToolbox\toolboxes\Data Management Tools.tbx\AddField" Date="20231018" Time="183527">AddField C:/NRE_5585/Results\wetland_buf.shp Area "Double (64-bit floating point)" # # # # NULLABLE NON_REQUIRED #</Process><Process ToolSource="c:\program files\arcgis\pro\Resources\ArcToolbox\toolboxes\Data Management Tools.tbx\AddFields" Date="20231018" Time="183528">AddFields C:/NRE_5585/Results\wetland_buf.shp "Perimeter DOUBLE # # # #" #</Process><Process ToolSource="c:\program files\arcgis\pro\Resources\ArcToolbox\toolboxes\Data Management Tools.tbx\CalculateGeometryAttributes" Date="20231018" Time="183529">CalculateGeometryAttributes C:/NRE_5585/Results\wetland_buf.shp "Area AREA;Perimeter PERIMETER_LENGTH" Meters Hectares # "Same as input"</Process></lineage><itemProps><itemName Sync="TRUE">wetland_buf</itemName><imsContentType Sync="TRUE">002</imsContentType><itemSize Sync="TRUE">0.000</itemSize><itemLocation><linkage Sync="TRUE">file://\\SHAFEEQ\C$\NRE_5585\Results\wetland_buf.shp</linkage><protocol Sync="TRUE">Local Area Network</protocol></itemLocation></itemProps><coordRef><type Sync="TRUE">Projected</type><geogcsn Sync="TRUE">GCS_North_American_1983</geogcsn><csUnits Sync="TRUE">Linear Unit: Foot_US (0.304801)</csUnits><projcsn Sync="TRUE">NAD_1983_StatePlane_Connecticut_FIPS_0600_Feet</projcsn><peXml Sync="TRUE">&lt;ProjectedCoordinateSystem xsi:type='typens:ProjectedCoordinateSystem' xmlns:xsi='http://www.w3.org/2001/XMLSchema-instance' xmlns:xs='http://www.w3.org/2001/XMLSchema' xmlns:typens='http://www.esri.com/schemas/ArcGIS/3.1.0'&gt;&lt;WKT&gt;PROJCS[&amp;quot;NAD_1983_StatePlane_Connecticut_FIPS_0600_Feet&amp;quot;,GEOGCS[&amp;quot;GCS_North_American_1983&amp;quot;,DATUM[&amp;quot;D_North_American_1983&amp;quot;,SPHEROID[&amp;quot;GRS_1980&amp;quot;,6378137.0,298.257222101]],PRIMEM[&amp;quot;Greenwich&amp;quot;,0.0],UNIT[&amp;quot;Degree&amp;quot;,0.0174532925199433]],PROJECTION[&amp;quot;Lambert_Conformal_Conic&amp;quot;],PARAMETER[&amp;quot;False_Easting&amp;quot;,999999.999996],PARAMETER[&amp;quot;False_Northing&amp;quot;,499999.999998],PARAMETER[&amp;quot;Central_Meridian&amp;quot;,-72.75],PARAMETER[&amp;quot;Standard_Parallel_1&amp;quot;,41.2],PARAMETER[&amp;quot;Standard_Parallel_2&amp;quot;,41.86666666666667],PARAMETER[&amp;quot;Latitude_Of_Origin&amp;quot;,40.83333333333334],UNIT[&amp;quot;Foot_US&amp;quot;,0.3048006096012192],AUTHORITY[&amp;quot;EPSG&amp;quot;,2234]]&lt;/WKT&gt;&lt;XOrigin&gt;-119756300&lt;/XOrigin&gt;&lt;YOrigin&gt;-96342500&lt;/YOrigin&gt;&lt;XYScale&gt;37294945.500735737&lt;/XYScale&gt;&lt;ZOrigin&gt;-100000&lt;/ZOrigin&gt;&lt;ZScale&gt;10000&lt;/ZScale&gt;&lt;MOrigin&gt;-100000&lt;/MOrigin&gt;&lt;MScale&gt;10000&lt;/MScale&gt;&lt;XYTolerance&gt;0.0032808333333333331&lt;/XYTolerance&gt;&lt;ZTolerance&gt;0.001&lt;/ZTolerance&gt;&lt;MTolerance&gt;0.001&lt;/MTolerance&gt;&lt;HighPrecision&gt;true&lt;/HighPrecision&gt;&lt;WKID&gt;102656&lt;/WKID&gt;&lt;LatestWKID&gt;2234&lt;/LatestWKID&gt;&lt;/ProjectedCoordinateSystem&gt;</peXml></coordRef><LayerFile>{"type":"CIMLayerDocument","version":"3.1.0","build":41833,"layers":["CIMPATH=internal_map/wetland_buf.json"],"layerDefinitions":[{"type":"CIMFeatureLayer","name":"wetland_buf","uRI":"CIMPATH=internal_map/wetland_buf.json","sourceModifiedTime":{"type":"TimeInstant"},"useSourceMetadata":true,"description":"wetland_buf","layerElevation":{"type":"CIMLayerElevationSurface","elevationSurfaceLayerURI":"CIMPATH=69482fd0074d4776b6e8629b28379cb7.json"},"expanded":true,"layerType":"Operational","showLegends":true,"visibility":true,"displayCacheType":"Permanent","maxDisplayCacheAge":5,"showPopups":true,"serviceLayerID":-1,"refreshRate":-1,"refreshRateUnit":"esriTimeUnitsSeconds","blendingMode":"Alpha","allowDrapingOnIntegratedMesh":true,"autoGenerateFeatureTemplates":true,"featureElevationExpression":"0","featureTable":{"type":"CIMFeatureTable","displayField":"Id","editable":true,"dataConnection":{"type":"CIMStandardDataConnection"},"studyAreaSpatialRel":"esriSpatialRelUndefined","searchOrder":"esriSearchOrderSpatial"},"htmlPopupEnabled":true,"selectable":true,"featureCacheType":"Session","displayFiltersType":"ByScale","featureBlendingMode":"Alpha","labelClasses":[{"type":"CIMLabelClass","expression":"$feature.OBJECTID","expressionEngine":"Arcade","featuresToLabel":"AllVisibleFeatures","maplexLabelPlacementProperties":{"type":"CIMMaplexLabelPlacementProperties","featureType":"Polygon","avoidPolygonHoles":true,"canOverrunFeature":true,"canPlaceLabelOutsidePolygon":true,"canRemoveOverlappingLabel":true,"canStackLabel":true,"centerLabelAnchorType":"Symbol","connectionType":"Unambiguous","constrainOffset":"NoConstraint","contourAlignmentType":"Page","contourLadderType":"Straight","contourMaximumAngle":90,"enableConnection":true,"featureWeight":0,"fontHeightReductionLimit":4,"fontHeightReductionStep":0.5,"fontWidthReductionLimit":90,"fontWidthReductionStep":5,"graticuleAlignmentType":"Straight","keyNumberGroupName":"Default","labelBuffer":15,"labelLargestPolygon":false,"labelPriority":-1,"labelStackingProperties":{"type":"CIMMaplexLabelStackingProperties","stackAlignment":"ChooseBest","maximumNumberOfLines":3,"minimumNumberOfCharsPerLine":3,"maximumNumberOfCharsPerLine":24,"separators":[{"type":"CIMMaplexStackingSeparator","separator":" ","splitAfter":true},{"type":"CIMMaplexStackingSeparator","separator":",","visible":true,"splitAfter":true}],"trimStackingSeparators":true},"lineFeatureType":"General","linePlacementMethod":"OffsetCurvedFromLine","maximumLabelOverrun":80,"maximumLabelOverrunUnit":"Point","minimumFeatureSizeUnit":"Map","multiPartOption":"OneLabelPerPart","offsetAlongLineProperties":{"type":"CIMMaplexOffsetAlongLineProperties","placementMethod":"BestPositionAlongLine","labelAnchorPoint":"CenterOfLabel","distanceUnit":"Percentage","useLineDirection":true},"pointExternalZonePriorities":{"type":"CIMMaplexExternalZonePriorities","aboveLeft":4,"aboveCenter":2,"aboveRight":1,"centerRight":3,"belowRight":5,"belowCenter":7,"belowLeft":8,"centerLeft":6},"pointPlacementMethod":"AroundPoint","polygonAnchorPointType":"GeometricCenter","polygonBoundaryWeight":0,"polygonExternalZones":{"type":"CIMMaplexExternalZonePriorities","aboveLeft":4,"aboveCenter":2,"aboveRight":1,"centerRight":3,"belowRight":5,"belowCenter":7,"belowLeft":8,"centerLeft":6},"polygonFeatureType":"General","polygonInternalZones":{"type":"CIMMaplexInternalZonePriorities","center":1},"polygonPlacementMethod":"HorizontalInPolygon","primaryOffset":1,"primaryOffsetUnit":"Point","removeAmbiguousLabels":"All","removeExtraWhiteSpace":true,"repetitionIntervalUnit":"Map","rotationProperties":{"type":"CIMMaplexRotationProperties","rotationType":"Arithmetic","alignmentType":"Straight"},"secondaryOffset":100,"secondaryOffsetUnit":"Percentage","strategyPriorities":{"type":"CIMMaplexStrategyPriorities","stacking":1,"overrun":2,"fontCompression":3,"fontReduction":4,"abbreviation":5},"thinningDistanceUnit":"Point","truncationMarkerCharacter":".","truncationMinimumLength":1,"truncationPreferredCharacters":"aeiou","polygonAnchorPointPerimeterInsetUnit":"Point"},"name":"Class 1","priority":-1,"standardLabelPlacementProperties":{"type":"CIMStandardLabelPlacementProperties","featureType":"Line","featureWeight":"Low","labelWeight":"High","numLabelsOption":"OneLabelPerName","lineLabelPosition":{"type":"CIMStandardLineLabelPosition","above":true,"inLine":true,"parallel":true},"lineLabelPriorities":{"type":"CIMStandardLineLabelPriorities","aboveStart":3,"aboveAlong":3,"aboveEnd":3,"centerStart":3,"centerAlong":3,"centerEnd":3,"belowStart":3,"belowAlong":3,"belowEnd":3},"pointPlacementMethod":"AroundPoint","pointPlacementPriorities":{"type":"CIMStandardPointPlacementPriorities","aboveLeft":2,"aboveCenter":2,"aboveRight":1,"centerLeft":3,"centerRight":2,"belowLeft":3,"belowCenter":3,"belowRight":2},"rotationType":"Arithmetic","polygonPlacementMethod":"AlwaysHorizontal"},"textSymbol":{"type":"CIMSymbolReference","symbol":{"type":"CIMTextSymbol","blockProgression":"TTB","depth3D":1,"extrapolateBaselines":true,"fontEffects":"Normal","fontEncoding":"Unicode","fontFamilyName":"Tahoma","fontStyleName":"Regular","fontType":"Unspecified","haloSize":1,"height":10,"hinting":"Default","horizontalAlignment":"Left","kerning":true,"letterWidth":100,"ligatures":true,"lineGapType":"ExtraLeading","symbol":{"type":"CIMPolygonSymbol","symbolLayers":[{"type":"CIMSolidFill","enable":true,"color":{"type":"CIMRGBColor","values":[0,0,0,100]}}],"angleAlignment":"Map"},"textCase":"Normal","textDirection":"LTR","verticalAlignment":"Bottom","verticalGlyphOrientation":"Right","wordSpacing":100,"billboardMode3D":"FaceNearPlane"}},"useCodedValue":true,"visibility":true,"iD":-1}],"renderer":{"type":"CIMSimpleRenderer","sampleSize":10000,"patch":"Default","symbol":{"type":"CIMSymbolReference","symbol":{"type":"CIMPolygonSymbol","symbolLayers":[{"type":"CIMSolidStroke","enable":true,"colorLocked":true,"capStyle":"Butt","joinStyle":"Round","lineStyle3D":"Strip","miterLimit":10,"width":1,"color":{"type":"CIMRGBColor","values":[110,110,110,100]}},{"type":"CIMSolidFill","enable":true,"color":{"type":"CIMRGBColor","values":[0,100,255,36.8627433776855469]}}],"angleAlignment":"Map"}}},"scaleSymbols":true,"snappable":true}]}</LayerFile></DataProperties></Esri><mdDateSt Sync="TRUE">20231018</mdDateSt><dataIdInfo><envirDesc Sync="TRUE">Microsoft Windows 10 Version 10.0 (Build 22621) ; Esri ArcGIS 13.1.0.41833</envirDesc><dataLang><languageCode Sync="TRUE" value="eng"></languageCode><countryCode value="USA" Sync="TRUE"></countryCode></dataLang><idCitation><resTitle Sync="TRUE">wetland_buf</resTitle><presForm><PresFormCd Sync="TRUE" value="005"></PresFormCd></presForm></idCitation><spatRpType><SpatRepTypCd Sync="TRUE" value="001"></SpatRepTypCd></spatRpType><dataExt><geoEle><GeoBndBox esriExtentType="native"><westBL Sync="TRUE">999172.312429</westBL><eastBL Sync="TRUE">1121875.62509</eastBL><northBL Sync="TRUE">796635.437455</northBL><southBL Sync="TRUE">653653.062554</southBL><exTypeCode Sync="TRUE">1</exTypeCode></GeoBndBox></geoEle></dataExt><geoBox esriExtentType="decdegrees"><westBL Sync="TRUE">-72.753028</westBL><eastBL Sync="TRUE">-72.304081</eastBL><northBL Sync="TRUE">41.647447</northBL><southBL Sync="TRUE">41.254182</southBL><exTypeCode Sync="TRUE">1</exTypeCode></geoBox></dataIdInfo><mdLang><languageCode Sync="TRUE" value="eng"></languageCode><countryCode value="USA" Sync="TRUE"></countryCode></mdLang><mdStanName Sync="TRUE">ISO 19115 Geographic Information - Metadata</mdStanName><mdStanVer Sync="TRUE">DIS_ESRI1.0</mdStanVer><mdChar><CharSetCd Sync="TRUE" value="006"></CharSetCd></mdChar><mdHrLv><ScopeCd Sync="TRUE" value="005"></ScopeCd></mdHrLv><mdHrLvName Sync="TRUE">dataset</mdHrLvName><distInfo><distributor><distorTran><onLineSrc><orDesc Sync="TRUE">002</orDesc><linkage Sync="TRUE">file://\\DCBXJ361\C$\ModelBuilder\Data\Shapes\middlesexsoils</linkage><protocol Sync="TRUE">Local Area Network</protocol></onLineSrc><transSize Sync="TRUE">28.445</transSize></distorTran><distorFormat><formatName Sync="TRUE">Shapefile</formatName></distorFormat></distributor><distFormat><formatName Sync="TRUE">Shapefile</formatName></distFormat><distTranOps><transSize Sync="TRUE">0.000</transSize></distTranOps></distInfo><refSysInfo><RefSystem><refSysID><identCode Sync="TRUE" code="2234">NAD_1983_StatePlane_Connecticut_FIPS_0600_Feet</identCode><idCodeSpace Sync="TRUE">EPSG</idCodeSpace><idVersion Sync="TRUE">5.3(9.0.0)</idVersion></refSysID></RefSystem></refSysInfo><spatRepInfo><VectSpatRep><geometObjs Name="wetland_buf"><geoObjTyp><GeoObjTypCd value="002" Sync="TRUE"></GeoObjTypCd></geoObjTyp><geoObjCnt Sync="TRUE">0</geoObjCnt></geometObjs><topLvl><TopoLevCd value="001" Sync="TRUE"></TopoLevCd></topLvl></VectSpatRep></spatRepInfo></metadata>
